Acceptable if,response,shock,impact_h0,response_h3,response_h6,response_h12,response_h24,cumulative_response_h0_to_h24,peak_abs_response,peak_abs_response_horizon,persistence_ratio_h12_to_impact
economically meaningful responses should be interpreted with confidence bands and identification caveats,INF,D_FEDFUNDS,0.0,-0.01197576496000321,0.001159224573639586,-0.00012207288958023625,0.001233524161769216,0.057492655519118245,0.03995602429714293,1,
economically meaningful responses should be interpreted with confidence bands and identification caveats,D_FEDFUNDS,D_FEDFUNDS,0.12416024740612387,0.04076955188710752,0.02447503937185578,0.009557928538660295,0.0008726330997182646,0.5029477809687496,0.12416024740612387,0,0.07698058547996157
economically meaningful responses should be interpreted with confidence bands and identification caveats,UNRATE,D_FEDFUNDS,0.0004362495307002566,-0.1605959855561513,-0.16914225888827114,-0.16192617977539586,-0.10859597068815516,-3.689571272646776,-0.22524698240645288,1,-371.17788875434684
economically meaningful responses should be interpreted with confidence bands and identification caveats,INDPRO_GROWTH,D_FEDFUNDS,0.08577171557379164,-0.0669676981683562,0.00541674460196721,-0.0037884427529456155,-0.008831722845722843,0.2465073896195706,0.2800710059110641,1,-0.04416890495429487
economically meaningful responses should be interpreted with confidence bands and identification caveats,SENTIMENT_CHANGE,D_FEDFUNDS,0.7357422629464264,-0.10834170899547621,0.00287870017757307,0.017045359949777537,-0.01599312761946851,1.445558322211259,0.7357422629464264,0,0.023167569416925975
