test,Acceptable if,equation,arch_lm_stat,arch_lm_p_value,arch_f_stat,arch_f_p_value,arch_effects_at_5pct,breusch_pagan_lm_stat,breusch_pagan_p_value,breusch_pagan_f_stat,breusch_pagan_f_p_value,breusch_pagan_at_5pct,white_lm_stat,white_p_value,white_f_stat,white_f_p_value,white_at_5pct
"ARCH-LM, Breusch-Pagan, and White heteroskedasticity diagnostics",p-values > 0.05 are preferred when the desired null is no conditional heteroskedasticity or homoskedastic residuals,INF,54.35519658332482,2.361066649660393e-07,5.144487888546995,6.127763522949508e-08,True,89.40952194332064,9.400566101251496e-11,5.556532468023194,1.9615037030424715e-12,True,317.0875936943999,7.204989179202337e-05,3.7051066553907575,5.42399157781531e-16,True
"ARCH-LM, Breusch-Pagan, and White heteroskedasticity diagnostics",p-values > 0.05 are preferred when the desired null is no conditional heteroskedasticity or homoskedastic residuals,UNRATE,0.23297048127199782,0.9999999968596621,0.018723335732253356,0.999999997246245,False,89.93146660474358,7.62028487812162e-11,5.599348481211286,1.4918670359659777e-12,True,369.59470153533545,6.670776885560291e-09,165.67895441195378,6.938501493327281e-122,True
"ARCH-LM, Breusch-Pagan, and White heteroskedasticity diagnostics",p-values > 0.05 are preferred when the desired null is no conditional heteroskedasticity or homoskedastic residuals,INDPRO_GROWTH,8.738482730064732,0.725090273864593,0.7193470391706086,0.732599334720011,False,96.92803640759632,4.44849139492056e-12,6.1890337665313435,3.493745072325871e-14,True,368.0587420201557,9.055053800922218e-09,78.83048512578056,3.76106855152242e-99,True
"ARCH-LM, Breusch-Pagan, and White heteroskedasticity diagnostics",p-values > 0.05 are preferred when the desired null is no conditional heteroskedasticity or homoskedastic residuals,M2_GROWTH,80.87551180408911,2.8090253122073343e-12,8.384413057179769,5.99989095047689e-14,True,93.4150171881716,1.863308474124194e-11,5.889233575366683,2.3473186497200383e-13,True,357.89821328833,6.516480526700253e-08,17.208348211752877,4.135622457826315e-54,True
