,INF,UNRATE,INDPRO_GROWTH,M2_GROWTH
INF,1.0,-0.1746002903236291,0.11736508336312655,-0.20048546286397542
UNRATE,-0.1746002903236291,1.0,-0.7233582275951462,0.494733089336567
INDPRO_GROWTH,0.11736508336312655,-0.7233582275951462,1.0,-0.46697300653107643
M2_GROWTH,-0.20048546286397542,0.494733089336567,-0.46697300653107643,1.0
