,INF,UNRATE,INDPRO_GROWTH,M2_GROWTH
INF,1.0,-0.15861552137774965,0.1006873061620391,-0.1845304573463057
UNRATE,-0.15861552137774965,1.0,-0.7240371569340549,0.49936449870041205
INDPRO_GROWTH,0.1006873061620391,-0.7240371569340549,1.0,-0.4703048481308732
M2_GROWTH,-0.1845304573463057,0.49936449870041205,-0.4703048481308732,1.0
