Acceptable if,response,shock,impact_h0,response_h3,response_h6,response_h12,response_h24,cumulative_response_h0_to_h24,peak_abs_response,peak_abs_response_horizon,persistence_ratio_h12_to_impact
economically meaningful responses should be interpreted with confidence bands and identification caveats,FEDFUNDS,FEDFUNDS,0.12494766733380694,0.2707784940288872,0.3292229549974343,0.3424559380151329,0.20543006461782345,7.125885587223544,0.3517601430693811,9,2.7407949689867883
economically meaningful responses should be interpreted with confidence bands and identification caveats,INF,FEDFUNDS,0.04829312451041316,-0.01815489927108411,-0.0009609529211015386,-0.00839051711293162,-0.006098211622973834,-0.02367477201025198,0.06286490258084093,1,-0.17374144245155276
economically meaningful responses should be interpreted with confidence bands and identification caveats,UNRATE,FEDFUNDS,-0.012607215029833045,-0.22777654062371236,-0.19533837669566875,-0.1862530812860785,-0.11066902799141809,-4.306165282103965,-0.26730189164529805,1,14.773530938065155
economically meaningful responses should be interpreted with confidence bands and identification caveats,INDPRO_GROWTH,FEDFUNDS,0.1263044945734054,-0.04357225320751697,-0.0030274666373783696,-0.010706599890034177,-0.017037647676007128,0.28016420264979247,0.3659072998385785,1,-0.08476816225895854
economically meaningful responses should be interpreted with confidence bands and identification caveats,M2_GROWTH,FEDFUNDS,-0.10859461974102103,-0.06653219124219477,-0.029138053711254015,-0.01322347852399876,0.0016039489614946235,-0.8213868938137551,-0.17868687472571992,1,0.12176918668286163
economically meaningful responses should be interpreted with confidence bands and identification caveats,SENTIMENT_CHANGE,FEDFUNDS,0.7288884054775033,0.048508532822829915,-0.045486798711132,-0.0023882238345959467,-0.021944519184012034,1.1000802658660929,0.7288884054775033,0,-0.0032765287753910603
