,FEDFUNDS,INF,UNRATE,INDPRO_GROWTH,M2_GROWTH,SENTIMENT_CHANGE
FEDFUNDS,1.0,0.20462657593392877,-0.025540776892477468,0.13750595624703285,-0.27111173051077064,0.18346392004334425
INF,0.20462657593392877,1.0,-0.12157956100034711,0.08147794466135172,-0.1444259486090096,-0.04480142659378522
UNRATE,-0.025540776892477468,-0.12157956100034711,1.0,-0.7107829066627672,0.4919460259410441,-0.253143930152167
INDPRO_GROWTH,0.13750595624703285,0.08147794466135172,-0.7107829066627672,1.0,-0.46576464378405147,0.17638176629503322
M2_GROWTH,-0.27111173051077064,-0.1444259486090096,0.4919460259410441,-0.46576464378405147,1.0,-0.2760066651355049
SENTIMENT_CHANGE,0.18346392004334425,-0.04480142659378522,-0.253143930152167,0.17638176629503322,-0.2760066651355049,1.0
