variable,varx_rmse,random_walk_rmse,winner
INDPRO_GROWTH,0.5062621156015301,0.7226132127137412,VARX
INF,0.16223836140388795,0.17814013117599614,VARX
M2_GROWTH,0.25019224792169675,0.18199330519522205,Random Walk
UNRATE,0.1898782402426752,0.11376140527311966,Random Walk
