,INF,D_FEDFUNDS,UNRATE,INDPRO_GROWTH,SENTIMENT_CHANGE
INF,1.0,0.22201947201532793,-0.12015275535003124,0.08961119784980881,-0.0612592836667394
D_FEDFUNDS,0.22201947201532793,1.0,-0.025855493834062063,0.10747294972846382,0.16727722671861206
UNRATE,-0.12015275535003124,-0.025855493834062063,1.0,-0.7256358212204719,-0.24851537091161213
INDPRO_GROWTH,0.08961119784980881,0.10747294972846382,-0.7256358212204719,1.0,0.16804657334634998
SENTIMENT_CHANGE,-0.0612592836667394,0.16727722671861206,-0.24851537091161213,0.16804657334634998,1.0
