variable,varx_rmse,random_walk_rmse,winner
INDPRO_GROWTH,0.5225493967587648,0.7226132127137412,VARX
INF,0.1692776854350846,0.17814013117599614,VARX
M2_GROWTH,0.24326373915030558,0.18199330519522205,Random Walk
UNRATE,0.17615187186186693,0.11376140527311966,Random Walk
