,count,mean,std,min,25%,50%,75%,max
FEDFUNDS,375.0,2.5559466666666664,2.230306349867715,0.05,0.175,1.91,5.0649999999999995,6.54
D_FEDFUNDS,375.0,-0.005040000000000002,0.17426372539718302,-0.96,-0.019999999999999574,0.0,0.03,0.6999999999999997
INF,375.0,0.21130587667619427,0.2820256368103033,-1.7864094092818306,0.06798193945036779,0.20912821313983088,0.32819301223345754,1.3674561020173392
UNRATE,375.0,5.513066666666667,1.8078601211014103,3.4,4.3,5.0,5.95,14.8
INDPRO_GROWTH,375.0,0.0968809370887873,1.0852760022666355,-14.142247901545613,-0.2366523605712434,0.13582135715868304,0.513841455741515,6.347249159182677
M2_GROWTH,375.0,0.5003649882539596,0.5555051211282053,-1.4036831822203055,0.2796271564241337,0.45119914836533326,0.6405887812138467,6.239806383922897
SENTIMENT_CHANGE,375.0,-0.12746666666666667,4.107618815702823,-17.299999999999997,-2.5,-0.19999999999998863,2.450000000000003,11.200000000000003
