,FEDFUNDS,D_FEDFUNDS,INF,UNRATE,INDPRO_GROWTH,M2_GROWTH,SENTIMENT_CHANGE
FEDFUNDS,1.0,0.012717713605909479,0.07183982103646816,-0.570438937777925,0.060867087213108684,-0.17495095330601393,-0.023003704052397975
D_FEDFUNDS,0.012717713605909479,1.0,0.25457112731014003,-0.12262342707516392,0.24451331934978418,-0.41128230876321964,0.16841230638104296
INF,0.07183982103646816,0.25457112731014003,1.0,-0.15824116456955126,0.21801254107444604,-0.21736171328241,-0.09556261447917189
UNRATE,-0.570438937777925,-0.12262342707516392,-0.15824116456955126,1.0,-0.06060359940870274,0.3418590609119921,0.0011682420047545777
INDPRO_GROWTH,0.060867087213108684,0.24451331934978418,0.21801254107444604,-0.06060359940870274,1.0,-0.39746252864341375,0.15300817840096056
M2_GROWTH,-0.17495095330601393,-0.41128230876321964,-0.21736171328241,0.3418590609119921,-0.39746252864341375,1.0,-0.231631809620872
SENTIMENT_CHANGE,-0.023003704052397975,0.16841230638104296,-0.09556261447917189,0.0011682420047545777,0.15300817840096056,-0.231631809620872,1.0
