test,Acceptable if,equation,arch_lm_stat,arch_lm_p_value,arch_f_stat,arch_f_p_value,arch_effects_at_5pct,breusch_pagan_lm_stat,breusch_pagan_p_value,breusch_pagan_f_stat,breusch_pagan_f_p_value,breusch_pagan_at_5pct,white_lm_stat,white_p_value,white_f_stat,white_f_p_value,white_at_5pct
"ARCH-LM, Breusch-Pagan, and White heteroskedasticity diagnostics",p-values > 0.05 are preferred when the desired null is no conditional heteroskedasticity or homoskedastic residuals,INF,56.80139148730028,8.584226443423295e-08,5.419526789388459,1.8762296124753462e-08,True,90.05031352800154,1.4142466409498652e-11,6.267968941718475,2.1892336867325915e-13,True,300.9904556800635,3.982972123191136e-07,4.1172974589639875,1.7040785549078955e-20,True
"ARCH-LM, Breusch-Pagan, and White heteroskedasticity diagnostics",p-values > 0.05 are preferred when the desired null is no conditional heteroskedasticity or homoskedastic residuals,UNRATE,0.24802949101877803,0.9999999954564623,0.01993443264128954,0.9999999960147269,False,84.272665915478,1.5164103748955186e-10,5.747616652548038,4.699240017821535e-12,True,368.7868297547319,1.0457885767648562e-13,159.57959220261586,4.009676915697428e-148,True
"ARCH-LM, Breusch-Pagan, and White heteroskedasticity diagnostics",p-values > 0.05 are preferred when the desired null is no conditional heteroskedasticity or homoskedastic residuals,INDPRO_GROWTH,9.098641390272725,0.6944828497725657,0.7497660515768675,0.7020882799128862,False,92.30611455156506,5.552551958307028e-12,6.476989433500117,6.424910125479351e-14,True,364.63314674289074,2.9265739866257976e-13,54.84639355924117,4.782556872610368e-107,True
"ARCH-LM, Breusch-Pagan, and White heteroskedasticity diagnostics",p-values > 0.05 are preferred when the desired null is no conditional heteroskedasticity or homoskedastic residuals,M2_GROWTH,83.54728706613444,8.652083210744004e-13,8.745409516630595,1.3231244061728353e-14,True,81.42304307837595,4.824241922282174e-10,5.498617221993024,2.050290557277821e-11,True,328.3391186762327,1.3840850018432371e-09,7.370714265759234,1.7322530770335923e-36,True
