variable,adf_statistic,p_value,used_lag,n_obs,critical_value_1pct,critical_value_5pct,critical_value_10pct,stationary_at_5pct
inflation_yoy,-3.3781878184260568,0.011725305802209082,15,348,-3.4492815848836296,-2.8698813715275406,-2.5712138845950587,True
unemployment_rate,-3.1068828166772255,0.026048004553017996,0,363,-3.448493650810824,-2.8695352280356556,-2.5710293341377715,True
fed_funds_rate,-2.6989178684236834,0.07422571232933448,5,358,-3.448748905151901,-2.8696473721448728,-2.5710891239349585,False
industrial_production_growth_yoy,-3.5705854401372075,0.006348920781486219,14,349,-3.449226932880019,-2.869857365438656,-2.571201085130664,True
m2_growth_yoy,-3.892398317253122,0.002091509038754755,13,350,-3.4491725955218655,-2.8698334971428574,-2.5711883591836733,True
consumer_sentiment_change_yoy,-3.6353445111750995,0.005120177471984774,16,347,-3.449336554273722,-2.8699055166063085,-2.571226758215748,True
