,FEDFUNDS,INF,UNRATE,INDPRO_GROWTH,M2_GROWTH
FEDFUNDS,1.0,0.07183982103646816,-0.570438937777925,0.060867087213108684,-0.17495095330601393
INF,0.07183982103646816,1.0,-0.15824116456955126,0.21801254107444604,-0.21736171328241
UNRATE,-0.570438937777925,-0.15824116456955126,1.0,-0.06060359940870274,0.3418590609119921
INDPRO_GROWTH,0.060867087213108684,0.21801254107444604,-0.06060359940870274,1.0,-0.39746252864341375
M2_GROWTH,-0.17495095330601393,-0.21736171328241,0.3418590609119921,-0.39746252864341375,1.0
