variable,var_rmse,random_walk_rmse,winner
FEDFUNDS,0.14477622690860753,0.149979477170484,VAR
INDPRO_GROWTH,0.6008658225366333,0.7226132127137412,VAR
INF,0.1625732934235868,0.17814013117599614,VAR
M2_GROWTH,0.2327867550448294,0.18199330519522205,Random Walk
UNRATE,0.29935284767218756,0.11376140527311966,Random Walk
