variable,adf_statistic,p_value,used_lag,n_obs,stationary_at_5pct
CPI,1.8926535788155323,0.9985161076149162,15,360,False
UNRATE,-3.1612105103109354,0.022342650405858887,0,375,True
FEDFUNDS,-2.871376994409714,0.048779144540974546,9,366,True
INDPRO,-2.8678863591435184,0.049211850116746746,2,373,True
M2,0.9285957399995013,0.9934523880223617,13,362,False
