variable,durbin_watson,ljung_box_p_value_lag12,white_noise_at_5pct,var_is_stable,multivariate_whiteness_p_value
FEDFUNDS,2.0258100034035675,0.3624561676146339,True,True,2.4329050515623717e-07
INF,1.9959227874441048,0.3051018392161952,True,True,2.4329050515623717e-07
UNRATE,2.0013644745932266,0.726306135009398,True,True,2.4329050515623717e-07
INDPRO_GROWTH,2.0114070828435384,0.1606348538180957,True,True,2.4329050515623717e-07
M2_GROWTH,1.9777206432006078,0.3262364075766417,True,True,2.4329050515623717e-07
