,inflation_yoy,unemployment_rate,fed_funds_rate,industrial_production_growth_yoy,m2_growth_yoy,consumer_sentiment_change_yoy
inflation_yoy,1.0,-0.4019501461118386,0.24321770521516844,0.3208071231958412,-0.1766315643189796,-0.3493141800931418
unemployment_rate,-0.4019501461118386,1.0,-0.5925544462317299,-0.2694241900883799,0.36463835719382426,0.026079808710883716
fed_funds_rate,0.24321770521516844,-0.5925544462317299,1.0,0.29301111293726384,-0.3897065766259399,0.019118080231238503
industrial_production_growth_yoy,0.3208071231958412,-0.2694241900883799,0.29301111293726384,1.0,-0.25676863240350994,0.3159559606102594
m2_growth_yoy,-0.1766315643189796,0.36463835719382426,-0.3897065766259399,-0.25676863240350994,1.0,-0.3408200677396876
consumer_sentiment_change_yoy,-0.3493141800931418,0.026079808710883716,0.019118080231238503,0.3159559606102594,-0.3408200677396876,1.0
