variable,RMSE,MAE,naive_RMSE,relative_RMSE_vs_no_leak_naive,directional_accuracy,Acceptable if
INF,0.17596689410467978,0.12296157346523885,0.18827337085226004,0.9346350644710277,0.6944444444444444,lower RMSE/MAE and relative RMSE below 1 are better; higher directional accuracy is better
FEDFUNDS,0.22193118307242038,0.18042475097740904,0.6328243568848048,0.3506994960891167,0.6428571428571429,lower RMSE/MAE and relative RMSE below 1 are better; higher directional accuracy is better
UNRATE,0.3388100685229279,0.28603324556123916,0.7184087354084102,0.47161184409919066,0.5416666666666666,lower RMSE/MAE and relative RMSE below 1 are better; higher directional accuracy is better
INDPRO_GROWTH,0.5777501233252605,0.46700035227832726,0.58821631447884,0.982206900937706,0.8888888888888888,lower RMSE/MAE and relative RMSE below 1 are better; higher directional accuracy is better
SENTIMENT_CHANGE,4.330958696128741,3.46289003497725,4.768851480644418,0.9081764684236917,0.6111111111111112,lower RMSE/MAE and relative RMSE below 1 are better; higher directional accuracy is better
