model_type,equation,n_parameters,significant_parameters,share_significant,min_p_value
VAR,FEDFUNDS,26,7,0.2692307692307692,2.7393809885769328e-136
VAR,INDPRO_GROWTH,26,9,0.34615384615384615,1.5042001316274658e-06
VAR,INF,26,5,0.19230769230769232,4.441794916813231e-17
VAR,SENTIMENT_CHANGE,26,8,0.3076923076923077,3.582052172159526e-06
VAR,UNRATE,26,6,0.23076923076923078,5.190021752027429e-15
