model_type,equation,n_parameters,significant_parameters,share_significant,min_p_value
VARX,INDPRO_GROWTH,19,8,0.42105263157894735,3.806610086747839e-05
VARX,INF,19,4,0.21052631578947367,7.677990088340365e-20
VARX,M2_GROWTH,19,8,0.42105263157894735,1.5210778263571168e-13
VARX,UNRATE,19,9,0.47368421052631576,5.43772912481507e-10
