mae,rmse,test_months
1.1190633930949259,1.174497374932728,36
